{
  "project_info": {
    "project_number": "511680113598",
    "firebase_url": "https://yuklapor.firebaseio.com",
    "project_id": "yuklapor",
    "storage_bucket": "yuklapor.appspot.com"
  },
  "client": [
    {
      "client_info": {
        "mobilesdk_app_id": "1:511680113598:android:a5bd51e2a889df9c0327ef",
        "android_client_info": {
          "package_name": "com.example.yuklapor"
        }
      },
      "oauth_client": [
        {
          "client_id": "511680113598-meh2ogo82iqi4qcqs541pr7155jd1h8g.apps.googleusercontent.com",
          "client_type": 3
        }
      ],
      "api_key": [
        {
          "current_key": "AIzaSyAfyJ_zf-lT9wiMgVgzRqmOifpzm4xEdAQ"
        }
      ],
      "services": {
        "appinvite_service": {
          "other_platform_oauth_client": [
            {
              "client_id": "511680113598-meh2ogo82iqi4qcqs541pr7155jd1h8g.apps.googleusercontent.com",
              "client_type": 3
            }
          ]
        }
      }
    }
  ],
  "configuration_version": "1"
}